{
    "accuracy": 0.9982836781523422,
    "class_metrics": {
        "Benign": {
            "precision": 0.9973270123058301,
            "recall": 0.9984348177320004,
            "f1_score": 0.9978806075591664
        },
        "Botnet": {
            "precision": 0.9691516709511568,
            "recall": 0.9425,
            "f1_score": 0.9556400506970849
        },
        "Brute Force": {
            "precision": 1.0,
            "recall": 0.9985642498205313,
            "f1_score": 0.9992816091954023
        },
        "DDoS Attack": {
            "precision": 0.9992019154030327,
            "recall": 0.9993514592167623,
            "f1_score": 0.9992766817150126
        },
        "Port Scan": {
            "precision": 0.9990145841545132,
            "recall": 0.9993100049285363,
            "f1_score": 0.9991622727048736
        },
        "Web Attack": {
            "precision": 0.9975490196078431,
            "recall": 0.9667458432304038,
            "f1_score": 0.9819059107358263
        }
    }
}